{"cameraMode":{"drawMode":0,"name":"Shaded","section":"Shading Mode"},"sceneLighting":true,"audioPlay":false,"sceneViewState":{"showFog":true,"showMaterialUpdate":false,"showSkybox":true,"showFlares":true,"showImageEffects":true,"showParticleSystems":true},"in2DMode":false,"pivot":{"x":-257.0829162597656,"y":32.80992126464844,"z":104.56024169921875},"rotation":{"x":0.17221179604530335,"y":-0.33559536933898928,"z":0.06240212544798851,"w":0.9240862131118774},"size":56.0716552734375,"orthographic":false}