{"cameraMode":{"drawMode":0,"name":"Shaded","section":"Shading Mode"},"sceneLighting":true,"audioPlay":false,"sceneViewState":{"showFog":true,"showMaterialUpdate":false,"showSkybox":true,"showFlares":true,"showImageEffects":true,"showParticleSystems":true},"in2DMode":false,"pivot":{"x":20.512712478637697,"y":5.5768842697143559,"z":-0.848950207233429},"rotation":{"x":0.46679139137268069,"y":0.019207561388611795,"z":-0.009817552752792836,"w":0.8842713236808777},"size":51.012794494628909,"orthographic":false}