{"cameraMode":{"drawMode":0,"name":"Shaded","section":"Shading Mode"},"sceneLighting":true,"audioPlay":false,"sceneViewState":{"showFog":true,"showMaterialUpdate":false,"showSkybox":true,"showFlares":true,"showImageEffects":true,"showParticleSystems":true},"in2DMode":false,"pivot":{"x":58.55976867675781,"y":107.28512573242188,"z":-23.104393005371095},"rotation":{"x":-0.47222983837127688,"y":-0.32502833008766177,"z":0.1927856057882309,"w":-0.796491801738739},"size":297.9529113769531,"orthographic":false}