{"cameraMode":{"drawMode":0,"name":"Shaded","section":"Shading Mode"},"sceneLighting":true,"audioPlay":false,"sceneViewState":{"showFog":true,"showMaterialUpdate":false,"showSkybox":true,"showFlares":true,"showImageEffects":true,"showParticleSystems":true},"in2DMode":false,"pivot":{"x":26.118083953857423,"y":27.147144317626954,"z":26.45502281188965},"rotation":{"x":-0.08995871990919113,"y":0.8650177717208862,"z":-0.16764798760414124,"w":-0.46457552909851076},"size":4.669512748718262,"orthographic":false}