{"cameraMode":{"drawMode":0,"name":"Shaded","section":"Shading Mode"},"sceneLighting":true,"audioPlay":false,"sceneViewState":{"showFog":true,"showMaterialUpdate":false,"showSkybox":true,"showFlares":true,"showImageEffects":true,"showParticleSystems":true},"in2DMode":false,"pivot":{"x":-139.8046112060547,"y":25.959651947021486,"z":15.733453750610352},"rotation":{"x":-0.13101910054683686,"y":0.7789168953895569,"z":-0.173695906996727,"w":-0.5882805585861206},"size":17.4771671295166,"orthographic":false}