{"cameraMode":{"drawMode":0,"name":"Shaded","section":"Shading Mode"},"sceneLighting":true,"audioPlay":false,"sceneViewState":{"showFog":false,"showMaterialUpdate":false,"showSkybox":false,"showFlares":false,"showImageEffects":false,"showParticleSystems":false},"in2DMode":false,"pivot":{"x":87.6292495727539,"y":-19.18155288696289,"z":-279.8636474609375},"rotation":{"x":-0.05184878408908844,"y":-0.9308670163154602,"z":0.145226389169693,"w":-0.33146047592163088},"size":139.02574157714845,"orthographic":false}