{"cameraMode":{"drawMode":0,"name":"Shaded","section":"Shading Mode"},"sceneLighting":false,"audioPlay":false,"sceneViewState":{"showFog":true,"showMaterialUpdate":false,"showSkybox":true,"showFlares":true,"showImageEffects":true,"showParticleSystems":true},"in2DMode":false,"pivot":{"x":13.856325149536133,"y":20.70136260986328,"z":33.920135498046878},"rotation":{"x":-0.2290719598531723,"y":-0.2284451425075531,"z":0.05536691099405289,"w":-0.9446382522583008},"size":47.10875701904297,"orthographic":false}