{"cameraMode":{"drawMode":0,"name":"Shaded","section":"Shading Mode"},"sceneLighting":true,"audioPlay":false,"sceneViewState":{"showFog":true,"showMaterialUpdate":false,"showSkybox":true,"showFlares":true,"showImageEffects":true,"showParticleSystems":true},"in2DMode":false,"pivot":{"x":-86.8261489868164,"y":28.985275268554689,"z":172.51138305664063},"rotation":{"x":0.034261398017406467,"y":0.9654716849327087,"z":-0.19073176383972169,"w":0.17467570304870606},"size":176.26376342773438,"orthographic":false}