{"cameraMode":{"drawMode":0,"name":"Shaded","section":"Shading Mode"},"sceneLighting":true,"audioPlay":false,"sceneViewState":{"showFog":true,"showMaterialUpdate":false,"showSkybox":true,"showFlares":true,"showImageEffects":true,"showParticleSystems":true},"in2DMode":false,"pivot":{"x":-89.98429870605469,"y":5.025042533874512,"z":303.5588684082031},"rotation":{"x":0.24798864126205445,"y":-0.5375978350639343,"z":0.16808004677295686,"w":0.7884076237678528},"size":22.617738723754884,"orthographic":false}