{"cameraMode":{"drawMode":0,"name":"Shaded","section":"Shading Mode"},"sceneLighting":true,"audioPlay":false,"sceneViewState":{"showFog":true,"showMaterialUpdate":false,"showSkybox":true,"showFlares":true,"showImageEffects":true,"showParticleSystems":true},"in2DMode":false,"pivot":{"x":21.296539306640626,"y":7.602570533752441,"z":-25.65500259399414},"rotation":{"x":0.1021304801106453,"y":0.8218697309494019,"z":-0.1559363305568695,"w":0.5383473038673401},"size":52.60319900512695,"orthographic":false}