{"cameraMode":{"drawMode":0,"name":"Shaded","section":"Shading Mode"},"sceneLighting":true,"audioPlay":false,"sceneViewState":{"showFog":false,"showMaterialUpdate":false,"showSkybox":false,"showFlares":false,"showImageEffects":false,"showParticleSystems":false},"in2DMode":false,"pivot":{"x":156.7794647216797,"y":-87.44200897216797,"z":-13.43440055847168},"rotation":{"x":-0.21685780584812165,"y":-0.6597999930381775,"z":0.20749497413635255,"w":-0.689015805721283},"size":202.8704071044922,"orthographic":false}