{"cameraMode":{"drawMode":0,"name":"Shaded","section":"Shading Mode"},"sceneLighting":true,"audioPlay":false,"sceneViewState":{"showFog":true,"showMaterialUpdate":false,"showSkybox":true,"showFlares":true,"showImageEffects":true,"showParticleSystems":true},"in2DMode":false,"pivot":{"x":-467.3014221191406,"y":-33.22536087036133,"z":-485.9292297363281},"rotation":{"x":-0.015691731125116349,"y":0.9590489864349365,"z":-0.054768506437540057,"w":-0.2777160704135895},"size":624.3011474609375,"orthographic":false}