{"cameraMode":{"drawMode":0,"name":"Shaded","section":"Shading Mode"},"sceneLighting":true,"audioPlay":false,"sceneViewState":{"showFog":true,"showMaterialUpdate":false,"showSkybox":true,"showFlares":true,"showImageEffects":true,"showParticleSystems":true},"in2DMode":false,"pivot":{"x":-552.4564208984375,"y":36.747093200683597,"z":405.4216613769531},"rotation":{"x":-0.08046117424964905,"y":0.7532671689987183,"z":-0.09381666779518128,"w":-0.6460137963294983},"size":149.69638061523438,"orthographic":false}