{"cameraMode":{"drawMode":0,"name":"Shaded","section":"Shading Mode"},"sceneLighting":true,"audioPlay":false,"sceneViewState":{"showFog":true,"showMaterialUpdate":false,"showSkybox":true,"showFlares":true,"showImageEffects":true,"showParticleSystems":true},"in2DMode":false,"pivot":{"x":183.09652709960938,"y":79.47213745117188,"z":145.2646484375},"rotation":{"x":0.12796565890312196,"y":-0.4068136215209961,"z":-0.057374343276023868,"w":-0.9027867317199707},"size":251.57147216796876,"orthographic":false}