{"cameraMode":{"drawMode":0,"name":"Shaded","section":"Shading Mode"},"sceneLighting":false,"audioPlay":false,"sceneViewState":{"showFog":true,"showMaterialUpdate":false,"showSkybox":true,"showFlares":true,"showImageEffects":true,"showParticleSystems":true},"in2DMode":false,"pivot":{"x":-0.692412257194519,"y":-21.311742782592775,"z":3.9313595294952394},"rotation":{"x":-0.2847064435482025,"y":0.6356444954872131,"z":-0.27166059613227847,"w":-0.6643692851066589},"size":192.8966064453125,"orthographic":false}