{"cameraMode":{"drawMode":0,"name":"Shaded","section":"Shading Mode"},"sceneLighting":true,"audioPlay":false,"sceneViewState":{"showFog":true,"showMaterialUpdate":false,"showSkybox":true,"showFlares":true,"showImageEffects":true,"showParticleSystems":true},"in2DMode":false,"pivot":{"x":-13.517309188842774,"y":11.615293502807618,"z":34.31258773803711},"rotation":{"x":0.22112926840782166,"y":-0.06662802398204804,"z":0.015182861126959324,"w":0.9728780388832092},"size":11.231888771057129,"orthographic":false}