{"cameraMode":{"drawMode":0,"name":"Shaded","section":"Shading Mode"},"sceneLighting":true,"audioPlay":false,"sceneViewState":{"showFog":true,"showMaterialUpdate":false,"showSkybox":true,"showFlares":true,"showImageEffects":true,"showParticleSystems":true},"in2DMode":false,"pivot":{"x":20.53473663330078,"y":0.3221030533313751,"z":-13.976176261901856},"rotation":{"x":0.3340055048465729,"y":-0.604208767414093,"z":0.3083590865135193,"w":0.6544492840766907},"size":27.5695858001709,"orthographic":false}