{"cameraMode":{"drawMode":0,"name":"Shaded","section":"Shading Mode"},"sceneLighting":false,"audioPlay":false,"sceneViewState":{"showFog":true,"showMaterialUpdate":false,"showSkybox":true,"showFlares":true,"showImageEffects":true,"showParticleSystems":true},"in2DMode":false,"pivot":{"x":6.765053749084473,"y":1.289050579071045,"z":4.33937931060791},"rotation":{"x":0.060403455048799518,"y":-0.8951122760772705,"z":0.12787407636642457,"w":0.4228193759918213},"size":8.221292495727539,"orthographic":false}