{"cameraMode":{"drawMode":0,"name":"Shaded","section":"Shading Mode"},"sceneLighting":false,"audioPlay":false,"sceneViewState":{"showFog":true,"showMaterialUpdate":false,"showSkybox":true,"showFlares":true,"showImageEffects":true,"showParticleSystems":true},"in2DMode":false,"pivot":{"x":-39.95901870727539,"y":12.535455703735352,"z":40.562252044677737},"rotation":{"x":-0.13910450041294099,"y":0.34700363874435427,"z":-0.05212133750319481,"w":-0.9260431528091431},"size":59.03152847290039,"orthographic":false}