{"cameraMode":{"drawMode":0,"name":"Shaded","section":"Shading Mode"},"sceneLighting":false,"audioPlay":false,"sceneViewState":{"showFog":true,"showMaterialUpdate":false,"showSkybox":true,"showFlares":true,"showImageEffects":true,"showParticleSystems":true},"in2DMode":false,"pivot":{"x":0.1051596999168396,"y":2.0474207401275636,"z":-0.1428985595703125},"rotation":{"x":-0.05764316767454147,"y":-0.9122532606124878,"z":0.13787142932415009,"w":-0.38140425086021426},"size":11.1919527053833,"orthographic":false}